index,url,valid,domain,title,description,image,published,archive,content,quote,language,keyword
0,https://www.insurancejournal.com/magazines/mag-people/2025/12/01/848709.htm,0,www.insurancejournal.com,People,"National Carbon, headquartered in London, appointed Jeff Bright as underwriting director in its expansion into the U.S. market. Bright has over 30 years of experience in the Lloyd’s Property DUA market, where he’s developed and managed extensive U.S. property…",https://www.insurancejournal.com/app/uploads/2025/12/Jeff-Bright-scaled-e1764587107890.jpg,2025-12-01T00:00:00Z,,"National
Jeff Bright
Carbon, headquartered in London, appointed Jeff Bright as underwriting director in its expansion into the U.S. market. Bright has over 30 years of experience in the Lloyd’s Pro… [+9290 chars]",,en,'London'
1,https://news.sky.com/story/uk-weather-danger-to-life-warning-for-parts-of-uk-as-months-worth-of-rain-to-fall-in-24-hours-13477678,0,news.sky.com,Danger to life warning for parts of UK as 'month's worth of rain' to fall in 24 hours,"The warning states that ""fast flowing or deep floodwater is possible"" and landslides have been triggered by the amount of rain expected to fall in Wales, according to the British Geological Survey.",https://e3.365dm.com/25/11/1600x900/skynews-met-office-weather_7097020.jpg?20251130200257,2025-12-01T00:01:00Z,,"There could be a ""danger to life"" from heavy rain and flooding across much of Wales until Tuesday, with up to a month's worth falling within 24 hours, forecasters have warned.
An amber warning that … [+3607 chars]",,en,'England'
2,https://www.cnbc.com/2025/12/01/asia-pacific-markets-today-monday-china-pmi-ratingdog-data-fed-rate-cut.html,0,www.cnbc.com,Asia-Pacific markets set to open higher ahead of private survey of China’s manufacturing activity,Traders are increasingly expecting a rate cut in the upcoming U.S. Fed meeting on Dec. 10.,https://image.cnbcfm.com/api/v1/image/106965576-1635230287335-gettyimages-1278807926-vcg111301485879.jpeg?v=1764545921&w=1920&h=1080,2025-12-01T00:07:00Z,,"Asia-Pacific markets were set to open higher Monday as traders awaited fresh manufacturing activity figures from China and rising expectations of a U.S. Federal Reserve rate cut in December.
Traders… [+1414 chars]",,en,'Chicago'
3,https://www.hogshaven.com/washington-commanders-game-information/391101/washington-commanders-vs-denver-broncos-sunday-night-football-1st-quarter,0,www.hogshaven.com,Washington Commanders vs Denver Broncos Sunday Night Football 1st Quarter,The Washington Commanders host the Denver Broncos on Sunday Night Football,https://s.yimg.com/ny/api/res/1.2/yva1KmRDPlbb29O6Y_oTkA--/YXBwaWQ9aGlnaGxhbmRlcjt3PTEyMDA7aD04MDA7Y2Y9d2VicA--/https://media.zenfs.com/en/sb_nation_articles_115/b9e19ebe772552a7d7f8ea1444ab81d6,2025-12-01T00:30:00Z,,"The Washington Commanders are hosting the Denver Broncos on Sunday Night Football this week. Both teams had their bye week, and enter Week 13 healthier than before. The Commanders have lost their las… [+3296 chars]",,en,'Washington'
4,https://roundtable.io/eagles/opinions/nick-sirianni-s-comment-was-right-but-fans-won-t-want-to-hear-it,0,roundtable.io,"Nick Sirianni's Comment Was Right, but Fans Won't Want to Hear It","Once coaches start making specific comments, it’s only fair to suggest that things are going in as bad a direction as anybody could have imagined. For the Philadelphia Eagles, after they lost to the Chicago Bears in the Black Friday game in Week 13, it sounds…",https://s.yimg.com/ny/api/res/1.2/eabvZMphIaMkNO46pQ_rVA--/YXBwaWQ9aGlnaGxhbmRlcjt3PTEyMDA7aD04MDA7Y2Y9d2VicA--/https://media.zenfs.com/en/roundtable_sports_philadelphia_eagles_articles_691/dca3cec59f55fad4a5258f15d14d90b8,2025-12-01T01:06:00Z,,"Once coaches start making specific comments, its only fair to suggest that things are going in as bad a direction as anybody could have imagined. For the Philadelphia Eagles, after they lost to the C… [+1793 chars]",,en,'Chicago'
5,https://www.digitaljournal.com/world/thousands-march-in-zagreb-against-far-right/article,0,www.digitaljournal.com,Thousands march in Zagreb against far right,"Several thousand people rallied in Croatia’s capital on Sunday in an anti-fascist march protesting against the rise of World War II revisionism and far-right views in the country. In recent months, Croatia has been seeing right-wing nationalists increasingly …",https://www.digitaljournal.com/wp-content/uploads/2025/11/999ee5998d36ccc0b2f14b947c9cd044452f6290.jpg,2025-12-01T02:45:17Z,,"The demonstrators were protesting a rise of far-right rhetoric in Croatia - Copyright AFP Philip FONG
Several thousand people rallied in Croatia’s capital on Sunday in an anti-fascist march protesti… [+2578 chars]",,en,'Croatia'
6,https://abcnews.go.com/International/wireStory/thousands-protest-surge-croatia-incidents-127978168,0,abcnews.go.com,Thousands protest far-right surge in Croatia following incidents,Thousands of people have joined protest marches in Croatia against a surging far right following a spate of incidents targeting ethnic minorities and liberals that have fueled both ethnic and political tensions in the European Union country,https://i.abcnewsfe.com/a/4079beb3-1270-42c6-8ec4-feb8aa988b32/wirestory_4f76f067fef8ea56f682c79bb5fae61d_16x9.jpg?w=1600,2025-12-01T04:05:28Z,,"ZAGREB, Croatia -- Thousands of people on Sunday joined protest marches in Croatia against a surging far right following a spate of incidents that have fueled both ethnic and political tensions in th… [+3262 chars]",,en,'Croatia'
7,https://www.israelnationalnews.com/news/418642,0,www.israelnationalnews.com,Israel needs to build cities for Olim,Israel’s Ministry of Aliyah and Integration and the National Emergency Authority recently ran a full-scale drill in Ramla simulating a sudden influx of tens of thousands of Jews fleeing exploding antisemitism and security crises abroad. But where would they g…,https://2.a7.org/files/pictures/000/1042839.jpg,2025-12-01T07:00:00Z,,"Kudos to Israels Minister of Aliyah and Klita (Immigration and Absorption), Ofir Sofer, for beginning to implement some of the projects we proposed to him some three years ago at Emergency Aliya Conf… [+4527 chars]",,en,'New York'
8,https://abcnews.go.com/Entertainment/video/bear-enjoys-fresh-snowfall-chicago-zoo-127986641,0,abcnews.go.com,WATCH: Bear enjoys fresh snowfall at Chicago zoo,"A resident bear at Brookfield Zoo Chicago took delight in the fresh snowfall over the weekend, rolling around in the snow.",https://i.abcnewsfe.com/a/1a2876e5-7b1c-4e09-b318-f29f81df9081/251130_abc_social_bear_hpMain_9x16.jpg?w=992,2025-12-01T07:10:11Z,,"<ul><li>Snow, ice cause travel chaos
</li><li>New cross-country winter storm on the move
</li><li>Hegseth faces scrutiny for lethal boat strikes
</li><li>Trump pardons former Honduran president
<… [+4143 chars]",,en,'Chicago'
9,https://www.globalsecurity.org/military/library/news/2025/11/mil-251130-presstv03.htm,0,www.globalsecurity.org,"Trump pushing US toward 'foreign war' with Venezuela, top senator warns","US Senate Minority Leader Chuck Schumer has censured President Donald Trump for pushing the United States toward a ""foreign war"" with Venezuela.",,2025-12-01T07:24:28Z,,"Iran Press TV
Sunday, 30 November 2025 11:20 AM
US Senate Minority Leader Chuck Schumer has censured President Donald Trump for pushing the United States toward a ""foreign war"" with Venezuela.
Sch… [+2863 chars]",,en,'Venezuela'
10,https://slashdot.org/firehose.pl?op=view&amp;id=180248921,0,slashdot.org,Trump allies dismiss Washington Post report on killing Venezuela boat strike survivors - Axios,Trump allies dismiss Washington Post report on killing Venezuela boat strike survivorsAxios Lawmakers Suggest Follow-Up Boat Strike Could Be a War CrimeThe New York Times Trump says Hegseth told him he didn’t order killing of boat crewThe Washington Post Lawm…,,2025-12-01T07:32:18Z,http://web.archive.org/web/20160119174443/http://slashdot.org/firehose.pl?op=view,"""I think Michael is like litmus paper - he's always trying to learn.""
-- Elizabeth Taylor, absurd non-sequitir about Michael Jackson",,en,'New York'
11,https://slashdot.org/firehose.pl?op=view&amp;id=180249043,0,slashdot.org,Hong Kong apartment fire death toll rises to 146 as city mourns victims - PBS,"Hong Kong apartment fire death toll rises to 146 as city mourns victimsPBS Police comb fire-ravaged Hong Kong apartments, death toll at 146Reuters Hong Kong’s Migrant Domestic Workers Mourn Their Losses in Deadly FireThe New York Times Anger mounts in Hong Ko…",,2025-12-01T07:52:19Z,http://web.archive.org/web/20160119174443/http://slashdot.org/firehose.pl?op=view,"""I think Michael is like litmus paper - he's always trying to learn.""
-- Elizabeth Taylor, absurd non-sequitir about Michael Jackson",,en,'New York'
12,https://www.globenewswire.com/news-release/2025/12/01/3196692/0/en/Clue-Unveils-Our-Year-In-Cycles-A-Candid-Look-at-How-We-Bled-Felt-Loved-and-Lived-in-2025.html,0,www.globenewswire.com,"Clue Unveils Our Year In Cycles: A Candid Look at How We Bled, Felt, Loved and Lived in 2025","NEW YORK, Dec. 01, 2025 (GLOBE NEWSWIRE) -- Clue
, the #1 women-led period and cycle tracker trusted by over 100 million people worldwide, today releases Our Year In Cycles - an annual analysis of how women and people with cycles tracked their lives, bodies …",https://ml-eu.globenewswire.com/Resource/Download/da6152d8-8d87-4228-b007-52eafec73444,2025-12-01T08:00:00Z,,<ul><li>Exclusive cycle tracking data reveals 280 million days of bleeding were tracked across the globe in the last 12 months</li><li>App users logged 34 million sex sessions and 4.4 million orgasms… [+8160 chars],,en,'New York'
13,https://financialpost.com/pmn/business-wire-news-releases-pmn/puma-opens-its-biggest-european-flagship-store-in-the-heart-of-london-bringing-the-best-of-the-brand-closer-to-consumers,0,financialpost.com,"PUMA Opens its Biggest European Flagship Store in the Heart of London, Bringing the Best of the Brand Closer to Consumers","PUMA has opened the doors to its largest-ever European flagship store on Oxford Street in London, which will bring the best of the company’s products and immersive storytelling closer to consumers in one of the busiest shopping destinations in Europe. PUMA op…",https://smartcdn.gprod.postmedia.digital/financialpost/wp-content/uploads/2025/12/bw20251201979895_puma_london_flagship_store_facade.jpeg,2025-12-01T08:03:50Z,,"PUMA has opened the doors to its largest-ever European flagship store on Oxford Street in London, which will bring the best of the companys products and immersive storytelling closer to consumers in … [+7026 chars]",,en,'New York'
14,https://www.israelnationalnews.com/news/418629,0,www.israelnationalnews.com,Progressive Jewish groups voice concern over US ambassador-designate to Hungary,"Progressive Jewish groups in Hungary and US warn that President Trump’s nominee for US ambassador, Ben Landa, may limit community dialogue due to his ties to Israeli far-right figures.",https://2.a7.org/files/pictures/000/1049505.jpg,2025-12-01T08:18:44Z,,"Progressive Jewish activists in Hungary and the US are raising concerns over President Trumps nominee for US ambassador to Hungary, Ben Landa, citing his longstanding ties to senior figures in Israel… [+1104 chars]",,en,'New York'
15,https://www.npr.org/2025/12/01/g-s1-99886/up-first-newsletter-national-guard-immigration-venezuela-drug-boats-ukraine-negotiations,0,www.npr.org,"U.S. tightens immigration after National Guard shooting. And, latest on Ukraine talks","The White House is moving swiftly to tighten legal immigration reviews after two National Guard members were shot last week. And, Ukraine enters a new round of negotiations to end the war with Russia.",https://npr.brightspotcdn.com/dims3/default/strip/false/crop/5000x2813+0+0/resize/1400/quality/100/format/jpeg/?url=http%3A%2F%2Fnpr-brightspot.s3.amazonaws.com%2F28%2Fba%2F32637828463bbf967e19f7e864d0%2Fgettyimages-2248364883.jpg,2025-12-01T12:39:50Z,,"Good morning. You're reading the Up First newsletter. Subscribe here to get it delivered to your inbox, and listen to the Up First podcast for all the news you need to start your day.
Today's top st… [+6442 chars]",,en,'Russia'
16,https://www.bbc.com/news/articles/cqlk663555no,0,www.bbc.com,UK criticises Gaza aid delays as tents take year to arrive,"Foreign Secretary Yvette Cooper said the situation remains ""dire"" as the United Nations warned 1.5 million people are in need of urgent shelter.",https://ichef.bbci.co.uk/news/1024/branded_news/442d/live/66641f80-cf01-11f0-bdb0-ab4ab31f90fa.png,2025-12-02T06:00:59Z,http://web.archive.org/web/20251202083610/https://www.bbc.com/news/articles/cqlk663555no,"Jennifer McKiernan,Political reporterand
Nick Eardley,Political correspondent
The UK government has criticised delays in aid being allowed into Gaza after a consignment of more than 1,100 tents it … [+2805 chars]",,en,'Gaza'
17,https://www.ndtvprofit.com/sports/club-football-laliga-barcelona-vs-atletico-madrid-live-streaming-telecast-match-start-time-team-news-lineups-watch-online-tv-india-barca-fcb-atm,0,www.ndtvprofit.com,"Barcelona vs Atletico Madrid Live Streaming: When, Where To Watch LaLiga Match?","FC Barcelona vs Atletico Madrid La Liga match will start at 1:30 a.m. IST at Spotify Camp Nou on Wednesday. Fans in India can watch Barca vs Atleti match live on the FanCode app and website. FCB: Joan Garcia (GK), Jules Kounde, Pau Cubarsi, Gerard Martin, Ale…",https://media.assettype.com/bloombergquint%2F2025-10-23%2F338plobz%2FMGA0582.webp?w=1200&auto=format%2Ccompress&ogImage=true,2025-12-02T14:30:00Z,,"FC Barcelona and Atletico Madrid go head-to-head with both eager to strengthen their bids for the LaLiga crown.
Barcelona are currently at top of the LaLiga table, with Diego Simeone's Atletico Madr… [+1226 chars]",,en,'Diego Garcia'
18,https://www.yahoo.com/news/articles/mass-wedding-gaza-celebrates-life-190619618.html,0,www.yahoo.com,Mass wedding in Gaza celebrates new life after years of war and tragedy,Eman Hassan Lawwa was dressed in traditional Palestinian prints and Hikmat Lawwa wore a suit as they walked hand-in-hand past the crumbled buildings of...,https://s.yimg.com/ny/api/res/1.2/3Zx_hEK52sJsyK8CQrwMSw--/YXBwaWQ9aGlnaGxhbmRlcjt3PTEyMDA7aD04MDA7Y2Y9d2VicA--/https://media.zenfs.com/en/ap.org/ef4db11f1923991abe3e850e452e5fb0,2025-12-02T19:06:19Z,,"KHAN YOUNIS, Gaza Strip (AP) Eman Hassan Lawwa was dressed in traditional Palestinian prints and Hikmat Lawwa wore a suit as they walked hand-in-hand past the crumbled buildings of southern Gaza in a… [+3257 chars]",,en,'Gaza'
19,https://www.jpost.com/israel-news/politics-and-diplomacy/article-878993,0,www.jpost.com,"75% of Arab Israelis support Arab party joining government coalition post-war, survey reveals","The survey, conducted by Tel Aviv University, examined the attitudes of Israel’s Arab population following the conclusion of the war in Gaza. More than 75...",https://media.zenfs.com/en/jerusalem_post_articles_818/42292c262e8a411cdb33756f2ba04a23,2025-12-02T20:18:39Z,,"The survey, conducted by Tel Aviv University, examined the attitudes of Israels Arab population following the conclusion of the war in Gaza.
More than 75% of Israels Arab citizens support an Arab pa… [+4810 chars]",,en,'Gaza'
20,https://www.yahoo.com/news/articles/israel-says-findings-returned-gaza-062901006.html,0,www.yahoo.com,Israel says it will start letting Palestinians leave Gaza through reopened border crossing,"Israel on Wednesday said it will start letting Palestinians leave Gaza through a reopened border crossing, complying with a U.S.-backed ceasefire deal even...",https://s.yimg.com/ny/api/res/1.2/iuLRa1xTLP9v7tpDikk1nQ--/YXBwaWQ9aGlnaGxhbmRlcjt3PTEyMDA7aD04MDA7Y2Y9d2VicA--/https://media.zenfs.com/en/ap.org/825a420948d10fc2121a1e646ecc549d,2025-12-03T06:29:01Z,,"JERUSALEM (AP) Israel on Wednesday said it will start letting Palestinians leave Gaza through a reopened border crossing, complying with a U.S.-backed ceasefire deal even though it also said that par… [+6747 chars]",,en,'Gaza'
21,https://yle.fi/a/74-20197618,0,yle.fi,"Valtonen: Russian war talk ""shouldn't be taken too seriously""","""Russia is desperately looking for a way out of a war that it should never have started and that was based on completely false assumptions,"" Finland's foreign minister told journalists in Brussels.","https://images.cdn.yle.fi/image/upload/c_crop,x_3,y_272,w_5785,h_3254/w_1200,ar_1.91,c_fill/q_auto:eco,f_auto,fl_lossy/v1757506213/39-152029568c16a1c7c9c3",2025-12-03T11:38:26Z,,"According to Finnish Foreign Minister Elina Valtonen (NCP), the first step towards peace in Ukraine would be a complete ceasefire, or at least a suspension of attacks on each countrys energy sector.… [+1847 chars]",,en,'Russia'
22,https://www.dazeddigital.com/life-culture/article/69194/1/pieces-chess-club-checkers-lisbon-first-birthday-party-gen-z-hobby?utm_source=Link&utm_medium=Link&utm_campaign=RSSFeed&utm_term=it-s-self-consciously-cool-inside-the-chess-club-boom,0,www.dazeddigital.com,‘It’s self-consciously cool’: Inside the chess club boom,"One year on from its inaugural event, the Lisbon-founded Pieces Chess Club has thrown in-demand events in Berlin, London, Vienna, Oslo, and more. What’s behind its soaring success?",https://images-prod.dazeddigital.com/1200/0-959-1659-1106/azure/dazed-prod/1430/2/1432236.jpg,2025-12-03T12:26:00Z,,"Its a Friday night in Lisbons Marvilla district, and theres a queue piling up outside Pieces Chess Club a mashup of social chess and music for their first anniversary block party. Outside the repurpo… [+6391 chars]",,en,'Vienna'
23,https://biztoc.com/x/422d8768e4825e81,0,biztoc.com,Vienna software testing startup Antithesis lands $100M in Series A led by customer Jane Street,"The company, which emerged from stealth less than two years ago, counts some of the world's most demanding tech companies among its clients.",https://biztoc.com/cdn/422d8768e4825e81_s.webp,2025-12-03T13:44:37Z,,"The company, which emerged from stealth less than two years ago, counts some of the world's most demanding tech companies among its clients.
This story appeared on bizjournals.com, 2025-12-03 13:24:… [+2 chars]",,en,'Vienna'
24,https://sputnikglobe.com/20251203/rosatom-to-drive-ais-128bln-boost-to-russian-economy-by-2030---ceo-1123220997.html,0,sputnikglobe.com,Rosatom to Drive AI’s $128Bln Boost to Russian Economy by 2030 - CEO,"MOSCOW (Sputnik) - Russian nuclear corporation Rosatom will help deliver at least 110 billion euros ($128 billion) in artificial intelligence contributions to Russia’s economy by 2030 through a full tech cycle, starting from energy production and closing with…",https://cdn1.img.sputnikglobe.com/images/sharing/article/eng/1123220997.jpg?10831187941764771650,2025-12-03T14:20:49Z,,"Get breaking stories and analysis on the global economy from Sputnik.
https://sputnikglobe.com/20251203/rosatom-to-drive-ais-128bln-boost-to-russian-economy-by-2030---ceo-1123220997.html
Rosatom to… [+2992 chars]",,en,'Vienna'
25,https://consent.yahoo.com/v2/collectConsent?sessionId=1_cc-session_d63f11ae-db2d-4892-a8e8-07c7fab894c3,0,consent.yahoo.com,"Hamas infiltrated, manipulated aid NGOs, captured Gaza documents reveal",,,2025-12-03T15:00:03Z,,"If you click 'Accept all', we and our partners, including 240 who are part of the IAB Transparency &amp; Consent Framework, will also store and/or access information on a device (in other words, use … [+714 chars]",,en,'Gaza'
26,https://freerepublic.com/focus/f-chat/4355757/posts,0,freerepublic.com,Islamic Terror Flags Raised Over Votive Church in Vienna,"Terrorist flags were raised on the Votivkirche, Vienna’s second-tallest church built in the 19th century. The Archdiocese condemned the act, distanced itself firmly, and is weighing legal steps while police investigate without named suspects.",,2025-12-03T16:37:15Z,,"Skip to comments.
Islamic Terror Flags Raised Over Votive Church in Viennagellerreport.com ^
 | December 3, 2025
 | Pamela Geller
Posted on 12/03/2025 8:37:15 AM PST by lowbridge
Terrorist flags… [+722 chars]",,en,'Vienna'
27,https://www.globenewswire.com/news-release/2025/12/03/3199264/0/en/Global-Times-CPC-s-putting-the-people-first-turns-governance-philosophy-into-tangible-public-benefits-South-African-sinologist.html,0,www.globenewswire.com,Global Times: CPC’s ‘putting the people first’ turns governance philosophy into tangible public benefits: South African sinologist,"Global Times highlights South African scholar TEMBE praising CPC as China’s “engine,” shaped by people-first governance. Global Times highlights South African scholar TEMBE praising CPC as China’s “engine,” shaped by people-first governance.",,2025-12-03T18:01:00Z,,"Beijing, China, Dec. 03, 2025 (GLOBE NEWSWIRE) -- Chinese President Xi Jinping has pointed out, ""To understand China today, one must learn to understand the Communist Party of China (CPC)."" With the … [+11714 chars]",,en,'China'
28,https://www.newser.com/story/379755/native-american-d-day-hero-dies-at-101.html,0,www.newser.com,Native American D-Day Hero Dies at 101,"Charles Shay, a decorated Native American veteran who was a 19-year-old US Army medic when he landed on Omaha Beach on D-Day and helped save lives, died on Wednesday. He was 101. Shay died at his home in Bretteville-L'Orgueilleuse in France's Normandy region,…",https://img1-azrcdn.newser.com/image/1650356-12-20251203123432.jpeg,2025-12-03T18:34:32Z,,"Charles Shay, a decorated Native American veteran who was a 19-year-old US Army medic when he landed on Omaha Beach on D-Day and helped save lives, died on Wednesday. He was 101. Shay died at his hom… [+3540 chars]",,en,'France'
29,https://www.bbc.com/news/articles/cx2gq5q5p47o,0,www.bbc.com,Eurovision faces crucial decision over Israel,Organisers of the song contest meet in Geneva on Thursday to debate Israel's role in the event.,https://ichef.bbci.co.uk/news/1024/branded_news/212e/live/9a6aa1d0-d061-11f0-b76c-637a0d75f572.jpg,2025-12-04T00:30:19Z,http://web.archive.org/web/20251204122818/https://www.bbc.com/news/articles/cx2gq5q5p47o,"Mark SavageMusic correspondent
Singer Yuval Raphael, who survived the 7 October Hamas attack in 2023, represented Israel at this year's Eurovision
The Eurovision Song Contest faces a battle for its… [+5083 chars]",,en,'Gaza'
https://www.euractiv.com/news/rapporteur-orban-lays-siege-to-the-eeas/,https://www.euractiv.com/news/rapporteur-orban-lays-siege-to-the-eeas/,0,www.euractiv.com,Orbán lays siege to the EEAS,"In Thursday’s edition: Mogherini defiant, Sannino out, S&D’s Qatargate, Hamas files, Belgium vs Germany, Venezuela migration, new EPPO chief",https://www.euractiv.com/content/uploads/sites/2/2025/09/Rapporteur-LOGO-1200-x-800-px-1-1.png,2025-12-04T07:22:33Z,,"Welcome to Thursday’s Rapporteur. This is Eddy Wax in Berlin, with Nicoletta Ionta in Brussels.
Send us your tip-offs, documents and story ideas at eddy.wax@euractiv.com
 and nicoletta.ionta@euract… [+14592 chars]",,en,'Belgium'
https://www.globalresearch.ca/nawrocki-refusal-viktor-orban/5907750,https://www.globalresearch.ca/nawrocki-refusal-viktor-orban/5907750,0,www.globalresearch.ca,Poland’s President Nawrocki’s Refusal to Meet With Hungarian Prime Minister Viktor Orbán,"Polish President Karol Nawrocki’s refusal to meet with Hungarian Prime Minister Viktor Orbán after his visit to Moscow has drawn harsh criticism in Poland, writes Mysl Polska. In fact, according to the newspaper, the Polish president’s Russophobic views rende…",https://www.globalresearch.ca/wp-content/uploads/2025/12/President-Karol-Nawrocki-poland--1024x683.jpeg,2025-12-04T12:27:03Z,,"Polish President Karol Nawrockis refusal to meet with Hungarian Prime Minister Viktor Orbán after his visit to Moscow has drawn harsh criticism in Poland, writes Mysl Polska. In fact, according to th… [+5366 chars]",,en,'Budapest'
https://www.hospitalitynet.org/announcement/41013719.html,https://www.hospitalitynet.org/announcement/41013719.html,0,www.hospitalitynet.org,Prague to Welcome IHG’s InterContinental Brand in Historic Old Town,"IHG Hotels & Resorts (IHG), one of the world’s leading hotel companies, announces the signing of InterContinental Prague - marking the world’s first and largest luxury hotel brand’s eagerly anticipated return to the Czech capital city. The 137-key luxury prop…",https://www.hospitalitynet.org/picture/social_153192294.jpg?t=1764856212,2025-12-04T13:51:36Z,,"IHG Hotels &amp; Resorts (IHG), one of the world's leading hotel companies, announces the signing of InterContinental Prague - marking the world's first and largest luxury hotel brand's eagerly antic… [+2782 chars]",,en,'Budapest'
30,https://www.yahoo.com/news/articles/last-hostage-held-gaza-died-165153476.html,0,www.yahoo.com,The last hostage in Gaza was captured while fighting to save a kibbutz,"Now there’s one Israeli hostage left in Gaza: Ran Gvili.  Gvili, a 24-year-old police officer known affectionately as “Rani,” was killed while fighting Hamas...",https://s.yimg.com/ny/api/res/1.2/2FfsZ1oVM0aS76M0M8j4LQ--/YXBwaWQ9aGlnaGxhbmRlcjt3PTEyMDA7aD04MDA7Y2Y9d2VicA--/https://media.zenfs.com/en/ap.org/5a4b55dbea42f2b31c3cc70d4f012bf5,2025-12-04T16:51:53Z,,"JERUSALEM (AP) There were hundreds, then dozens, and then just a few. Now theres one Israeli hostage left in Gaza: Ran Gvili.
Gvili, a 24-year-old police officer known affectionately as Rani, was ki… [+5282 chars]",,en,'Gaza'
31,https://www.abc.net.au/news/2025-12-05/steven-smith-prepares-to-leave-london-after-three-years/106103968,0,www.abc.net.au,"AUKUS will survive Trump, says former defense minister Smith","The trilateral agreement has come under significant scrutiny, but Australia's top diplomat in London says he believes its future is assured.",https://live-production.wcms.abc-cdn.net.au/749dd7afae6a8c1c4e49c7d9778b59c2?impolicy=wcms_watermark_news&cropH=720&cropW=1280&xPos=0&yPos=38&width=862&height=485&imformat=generic,2025-12-04T18:04:44Z,,"Australia's top diplomat in the United Kingdom, Stephen Smith, says he believes the multi-billion-dollar AUKUS defence pact will ""absolutely"" survive the whims of a Donald Trump presidency.
The tril… [+4609 chars]",,en,'Australia'
32,https://www.bbc.com/news/articles/c4gk7gz3d1eo,0,www.bbc.com,"'All Israeli people are with us', say parents of last dead hostage in Gaza","The body of Ran Gvili, a 24-year-old Israeli police officer, is the last not yet returned by Hamas from Gaza.",https://ichef.bbci.co.uk/news/1024/branded_news/e838/live/3c527810-d14d-11f0-a948-fdc6051c60b0.jpg,2025-12-04T21:17:09Z,,"Alice CuddySenior international reporter
The parents of the last dead hostage in Gaza have spoken to the BBC about their desperate wait for his body to be returned.
Itzik and Talik Gvili insisted t… [+3949 chars]",,en,'Gaza'
33,https://www.independent.ie/business/technology/irish-council-for-civil-liberties-files-microsoft-gaza-complaint-to-dpc/a2141542999.html,0,www.independent.ie,Irish Council for Civil Liberties files Microsoft Gaza complaint to DPC,"The Irish Council for Civil Liberties (ICCL) has filed a complaint with the Data Protection Commissioner, alleging that Microsoft unlawfully processed data in Ireland on behalf of the Israel Defence Forces in Gaza.",https://focus.independent.ie/thumbor/7LYVNXa1Wl5RxjVoPxhIYgtjh5k=/629x460/smart/prod-mh-ireland/f8725a32-9b28-4ba4-b884-dbae4feb52a9/5fe85c16-a475-4410-bf2d-121b423ed18a/f8725a32-9b28-4ba4-b884-dbae4feb52a9.jpg,2025-12-05T05:30:00Z,,"The Dublin-based body, in concert with the international rights organisation Eko, claims that the Israeli armys use of Microsoft servers to target Palestinians violates GDPR
The Irish Council for Ci… [+2412 chars]",,en,'Gaza'
34,https://biztoc.com/x/2f6ae271d7bf845b,0,biztoc.com,At least 4 countries pull out of 2026 Eurovision contest as Israel’s participation sows discord,,https://biztoc.com/cdn/955/og.png,2025-12-05T05:51:00Z,,"{ window.open(this.href, '_blank'); }, 200); return false;""&gt;Why is Amazon dropping USPS partnership? { window.open(this.href, '_blank'); }, 200); return false;""&gt;What caused Moore Threads stock … [+705 chars]",,en,'Israel'
35,https://www.hurriyetdailynews.com/turkiye-urges-un-action-on-israels-expansionist-moves-216469,0,www.hurriyetdailynews.com,Türkiye urges UN action on Israel's 'expansionist' moves,Türkiye on Thursday reiterated the need for the international community to take decisive steps against Israel’s actions in the region.,https://image.hurimg.com/i/hurriyet/75/200x200/6932739d8377514f4cf679a4.jpg,2025-12-05T05:54:53Z,,"ANKARA
sraeli soldiers walk past a man during a military operation in the town of Qalqiya, in the occupied West Bank.
Türkiye on Thursday reiterated the need for the international community to take… [+3903 chars]",,en,'Israel'
36,https://www.naturalnews.com/2025-12-05-trump-pressures-israeli-president-for-netanyahu-pardon.html,0,www.naturalnews.com,Trump pressures Israeli president for Netanyahu pardon as corruption trial resumes,Netanyahu seeks a presidential pardon to avoid his corruption trial. He argues the ongoing wars make his legal case a national security risk. The prime minister asked Donald Trump to pressure Israel’s president for the pardon. This move has sparked intense pu…,https://www.naturalnews.com/wp-content/uploads/sites/91/2025/12/Benjamin-Netanyahu-Donald-Trump.jpg,2025-12-05T06:00:00Z,,<ul><li>Netanyahu seeks a presidential pardon to avoid his corruption trial.</li><li>He argues the ongoing wars make his legal case a national security risk.</li><li>The prime minister asked Donald T… [+5045 chars],,en,'Israel'
37,https://www.naturalnews.com/2025-12-05-us-sanctions-icc-judges-gaza-war-crimes.html,0,www.naturalnews.com,"U.S. sanctions ICC judges over Gaza war crimes probe, sparking global outcry","The Trump administration imposed sanctions on four ICC judges investigating alleged war crimes by Israel and the U.S. in Gaza, freezing their assets and restricting financial access—an unprecedented escalation targeting international justice. The ICC denounce…",https://www.naturalnews.com/wp-content/uploads/sites/91/2025/12/Trump-Netanyahu.jpg,2025-12-05T06:00:00Z,,"<ul><li>The Trump administration imposed sanctions on four ICC judges investigating alleged war crimes by Israel and the U.S. in Gaza, freezing their assets and restricting financial accessan unprece… [+5594 chars]",,en,'Gaza'
https://www.naturalnews.com/2025-12-05-eu-agrees-to-stop-russian-gas-imports.html,https://www.naturalnews.com/2025-12-05-eu-agrees-to-stop-russian-gas-imports.html,0,www.naturalnews.com,"EU agrees to STOP Russian gas imports, but Hungary and Slovakia oppose move","The EU finalized plans to halt all Russian LNG imports by 2026 and pipeline gas by 2027, aiming to weaken Moscow’s geopolitical leverage. However, critics warn this will trigger soaring energy costs, legal battles and deeper economic instability. Hungary and …",https://www.naturalnews.com/wp-content/uploads/sites/91/2025/12/Oil-Pipeline-Gas-Fuel-Desert-Mountains.jpg,2025-12-05T06:00:00Z,,"<ul><li>The EU finalized plans to halt all Russian LNG imports by 2026 and pipeline gas by 2027, aiming to weaken Moscow's geopolitical leverage. However, critics warn this will trigger soaring energ… [+5778 chars]",,en,'Slovakia'
38,https://www.the-independent.com/news/world/europe/boycott-israel-eurovision-2026-ireland-spain-netherlands-slovenia-b2878561.html,0,www.the-independent.com,The events that led to countries boycotting 2026 Eurovision over Israel,The 2026 contest will be held in Vienna,https://static.the-independent.com/2025/12/04/08/Eurovision_Israel_56620.jpg?width=1200&height=800&crop=1200:800,2025-12-05T06:03:18Z,,"Your support helps us to tell the story
From reproductive rights to climate change to Big Tech, The Independent is on the ground when the story is developing. Whether it's investigating the financia… [+4440 chars]",,en,'Israel'
39,https://www.bbc.com/news/articles/cqxqev4rez7o,0,www.bbc.com,'It's not safe for my father to remain in Gaza',"Khalid Al-Estal, who is an Irish citizen, managed to get his two small children to Dublin in 2023, but two years later his father remain still in Gaza.",https://ichef.bbci.co.uk/news/1024/branded_news/6b7b/live/b0d3d340-d126-11f0-9d18-614b3678ebf8.jpg,2025-12-05T06:06:45Z,,"Lyndsey TelfordBBC News NI
Khalid El-Astal said he is trying to get his father evacuated from Gaza 
A Belfast-born man who battled to have his children evacuated from Gaza and brought to Ireland is… [+5053 chars]",,en,'Gaza'
40,https://slashdot.org/firehose.pl?op=view&amp;id=180292097,0,slashdot.org,Yasser Abu Shabab: Anti-Hamas militia leader killed in Gaza - BBC,"Yasser Abu Shabab: Anti-Hamas militia leader killed in GazaBBC Leader of anti-Hamas militia armed by Israel killed in GazaCNN Prominent Anti-Hamas Militia Leader Killed in GazaThe Wall Street Journal Who was Yasser Abu Shabab, Israel-backed militia leader kil…",,2025-12-05T06:12:44Z,http://web.archive.org/web/20160119174443/http://slashdot.org/firehose.pl?op=view,The Fine Print: The following comments are owned by whoever posted them. We are not responsible for them in any way.,,en,'Gaza'
41,https://www.hurriyetdailynews.com/eurovision-hit-by-boycotts-after-israel-cleared-to-compete-216473,0,www.hurriyetdailynews.com,Eurovision hit by boycotts after Israel cleared to compete,"Three countries on Thursday pulled out of the Eurovision Song Contest after organisers opted not to vote on Israel's future participation, allowing it to take part in next year's event.",https://image.hurimg.com/i/hurriyet/75/200x200/693278a98377514f4cf679e3.jpg,2025-12-05T06:16:11Z,,"BRUSSELS
Three countries on Thursday pulled out of the Eurovision Song Contest after organisers opted not to vote on Israel's future participation, allowing it to take part in next year's event.
Sp… [+3849 chars]",,en,'Israel'
42,https://www.israelnationalnews.com/news/418859,0,www.israelnationalnews.com,"""I have become small:"" What does it mean to be the Chosen People?",Why the insane obsession with Israel and Jews?,https://2.a7.org/files/pictures/000/1150778.jpg,2025-12-05T06:18:33Z,,"I do not see a way of rationally explaining the obsessive hatred of Israel and Jews without the faith that Jews are G-ds chosen people to make the world a place of goodness and kindness.
The obsessi… [+11221 chars]",,en,'Israel'
43,https://www.newser.com/story/379866/just-one-hostage-remains-in-gaza.html,0,www.newser.com,Just One Hostage Remains in Gaza,"There were hundreds, then dozens, and then just a few. Now there's one Israeli hostage left in Gaza: Ran Gvili. Gvili, a 24-year-old police officer known affectionately as ""Rani,"" was killed while fighting Hamas militants during the Oct. 7, 2023, attack that …",https://img1-azrcdn.newser.com/image/1650738-12-20251205004252.jpeg,2025-12-05T06:30:00Z,,"There were hundreds, then dozens, and then just a few. Now there's one Israeli hostage left in Gaza: Ran Gvili. Gvili, a 24-year-old police officer known affectionately as ""Rani,"" was killed while fi… [+1956 chars]",,en,'Gaza'
44,https://www.ilgiornale.it/news/politica-estera/exclusive-hamas-connection-shocking-video-albanese-2578124.html,0,www.ilgiornale.it,"EXCLUSIVE - Hamas Connection, the shocking video with Albanese","In November 2022 participates in the summit “Sixteen years of siege in Gaza,” attended by the leaders of terrorist groups",https://img.ilgcdn.com/sites/default/files/styles/social/public/foto/2025/12/02/1764651849-azraxgm9o58-u-fr3p-l-ansa.jpeg?_=1764651849,2025-12-05T06:36:25Z,,"You have the right to resist this (Israeli) occupation, Francesca Albanese reiterated in 2022, speaking via videoconference at an event on Gaza attended by prominent figures from Hamas. This concept … [+3510 chars]",,en,'Gaza'
45,https://www.voltairenet.org/article223293.html,0,www.voltairenet.org,"What's behind the peace negotiations for Ukraine?, by Thierry Meyssan","We don't know what was said in Washington, but we can assume that the United States took a firm stance toward Ukraine, even if it didn't want to risk destroying Atlantic solidarity. Thierry Meyssan presents here what transpired during this tumultuous week.",https://www.voltairenet.org/IMG/logo/223269arton-2.jpg?1764917387,2025-12-05T06:50:31Z,,"To understand the week of peace negotiations in Ukraine, it is essential to first dispel the misinformation disseminated by the mainstream press: contrary to what they implied, the Europeans were nev… [+13708 chars]",,en,'Washington'
46,https://www.euractiv.com/news/rapporteur-dinner-for-three/,0,www.euractiv.com,Dinner for three,"In Friday’s edition: Ukraine ‘reparations loan,’ College of Europe, Vance attacks, book lobbyists, trade-preferences scheme",https://www.euractiv.com/content/uploads/sites/2/2025/09/Rapporteur-LOGO-1200-x-800-px-1-1.png,2025-12-05T06:55:31Z,,"Welcome to Friday’s Rapporteur. This is Nicoletta Ionta in Brussels, with Eddy Wax in Berlin.
Send us your tips, documents and story ideas: eddy.wax@euractiv.com
 and nicoletta.ionta@euractiv.com
… [+12522 chars]",,en,'Ukraine'
47,https://www.counterpunch.org/2025/12/05/deliberate-contradiction-how-the-west-plays-dumb-and-kills-people-in-gaza/,0,www.counterpunch.org,Deliberate Contradiction: How the West Plays Dumb and Kills People in Gaza,"First, let’s dissect this puzzle. On February 29, 2024, US Defense Secretary Lloyd Austin sent shockwaves when he informed lawmakers in the House Armed Services Committee that over 25,000 Palestinian women and children had been killed by Israel in Gaza up to …",https://www.counterpunch.org/wp-content/uploads/2025/12/getty-images-OtVPCvjxaEw-unsplash-scaled.jpg,2025-12-05T06:56:18Z,,"Image by Getty and Unsplash+.
First, lets dissect this puzzle.
On February 29, 2024, US Defense Secretary Lloyd Austin sent shockwaves when he informed lawmakers in the House Armed Services Committ… [+6335 chars]",,en,'Israel'
48,https://www.globalresearch.ca/germans-world-champions-rearmament/5907888,0,www.globalresearch.ca,The Germans Are World Champions for Rearmament,"The international peace research institute in Sweden’s capital has now taken a close look at the sales and profits of arms companies.
The post The Germans Are World Champions for Rearmament appeared first on Global Research.",https://www.globalresearch.ca/wp-content/uploads/2025/12/germany-rearmament.jpeg,2025-12-05T07:22:28Z,,"Every year, not only does Santa Claus come around, but also a report on global arms production and trade by SIPRI. SIPRI stands for Stockholm International Peace Research Institute. The international… [+11047 chars]",,en,'Sweden'
49,https://www.the-independent.com/arts-entertainment/eurovision/eurovision-2026-israel-boycott-bbc-countries-boycotting-b2878593.html,0,www.the-independent.com,BBC backs decision to let Israel join Eurovision as four countries boycott event,"Ireland, Spain, Netherlands and Slovenia lead action protesting against Israeli conduct in Gaza war",https://static.the-independent.com/2025/05/17/19/13/SEI251819088.jpeg?width=1200&height=800&crop=1200:800,2025-12-05T07:55:29Z,,"Your support helps us to tell the story
From reproductive rights to climate change to Big Tech, The Independent is on the ground when the story is developing. Whether it's investigating the financia… [+6425 chars]",,en,'Israel'
50,https://www.insidehighered.com/news/quick-takes/2025/12/05/purdue-professor-declines-mla-prize-due-policies-gaza,0,www.insidehighered.com,Purdue Professor Declines MLA Prize Due to Association’s Policies on Gaza,"Tithi Bhattacharya, a history professor at Purdue University, formally declined the Modern Language Association’s Aldo and Jeanne Scaglione Prize for South Asian Studies in protest of decisions by the MLA regarding Israel’s attacks on Gaza.",https://www.insidehighered.com/sites/default/files/styles/large/public/2023-11/Untitled%20design%20%2891%29.png?itok=tAIlWUG3,2025-12-05T08:00:00Z,,"Tithi Bhattacharya, a history professor at Purdue University, formally declined the Modern Language Associations Aldo and Jeanne Scaglione Prize for South Asian Studies in protest of decisions by the… [+1120 chars]",,en,'Gaza'
51,https://www.aljazeera.com/news/liveblog/2025/12/5/live-israel-sets-military-budget-at-34bn-keeps-attacking-gaza,0,www.aljazeera.com,"LIVE: Israel sets military budget at $34bn, keeps attacking Gaza",People in the enclave fear the resumption of the full-scale genocidal war as Israeli ceasefire violations persist.,https://www.aljazeera.com/wp-content/uploads/2025/12/AA-20251204-39887986-39887981-FUNERAL_HELD_FOR_SIX_PALESTINIANS_KILLED_IN_KHAN_YUNIS-1764920944.jpg?resize=1920%2C1440,2025-12-05T08:15:02Z,,"blinking-dot
Live updatesLive updates, 
People in the enclave fear the resumption of the full-scale genocidal war as Israeli ceasefire violations persist.",,en,'Israel'
52,https://www.npr.org/2025/12/05/nx-s1-5634466/eurovision-contest-israel,0,www.npr.org,At least 4 countries pull out of 2026 Eurovision contest over Israel's participation,"Ireland, the Netherlands, Spain and Slovenia said they were pulling out of the contest after organizers decided to allow Israel to continue to compete, despite tensions over its conduct in Gaza.",https://npr.brightspotcdn.com/dims3/default/strip/false/crop/6784x3816+0+353/resize/1400/quality/100/format/jpeg/?url=http%3A%2F%2Fnpr-brightspot.s3.amazonaws.com%2F37%2F34%2F4f3407674319871fd97437030e00%2Fap25337699756620.jpg,2025-12-05T08:34:50Z,http://web.archive.org/web/20251205124147/https://www.npr.org/2025/12/05/nx-s1-5634466/eurovision-contest-israel,"GENEVA Public broadcasters in Ireland, the Netherlands, Spain and Slovenia on Thursday pulled out of next year's Eurovision Song Contest after organizers decided to allow Israel to compete, putting p… [+5771 chars]",,en,'Gaza'
53,https://slashdot.org/firehose.pl?op=view&amp;id=180295123,0,slashdot.org,Prominent Anti-Hamas Militia Leader Killed in Gaza - The Wall Street Journal,"Prominent Anti-Hamas Militia Leader Killed in GazaThe Wall Street Journal Leader of anti-Hamas militia armed by Israel killed in GazaCNN Yasser abu Shabab, leader of Israel-backed militia, killed in GazaThe Guardian Yasser Abu Shabab, Militant Leader Backed b…",,2025-12-05T14:33:20Z,http://web.archive.org/web/20160119174443/http://slashdot.org/firehose.pl?op=view,The Fine Print: The following comments are owned by whoever posted them. We are not responsible for them in any way.,,en,'Gaza'
54,https://www.globalresearch.ca/selected-articles-russia-poised-strategic-win-war-theater/5908072,0,www.globalresearch.ca,Selected Articles: Russia Poised for “Strategic Win” in the War Theater Regardless of Peace Talks Outcome,"Russia Poised for “Strategic Win” in the War Theater Regardless of Peace Talks Outcome
By Drago Bosnic, December 05, 2025
Whenever the political West’s endless wars aren’t going as planned, it remembers there’s also diplomacy. Obviously, this is done …
The po…",https://www.globalresearch.ca/wp-content/uploads/2025/12/B_A_Russia_America_peace_talks.jpg,2025-12-05T14:36:44Z,,"Russia Poised for Strategic Win in the War Theater Regardless of Peace Talks Outcome
By Drago Bosnic, December 05, 2025
Whenever the political Wests endless wars arent going as planned, it remember… [+2387 chars]",,en,'Gaza'
55,https://www.haaretz.com/israel-news/2025-12-05/ty-article/.premium/in-blood-soaked-israel-palestine-a-dangerous-status-quo-has-returned/0000019a-e9c5-d0ea-afff-fbcf35b40000,0,www.haaretz.com,"In blood-soaked Israel-Palestine, the dangerous status quo of before October 7 has returned","U.S. President Trump promises Hamas disarmament and IDF withdrawal from Gaza are on the horizon – but ultimately, the fate of Israelis and Palestinians is now in the hands of Gulf monarchs","https://img.haarets.co.il/bs/0000019a-e9c5-d0ea-afff-fbcf35b40000/c0/5a/8ce08e5d4e919096d94aff7b64de/006758.jpg?precrop=2400,1395,x0,y61&width=1200&height=630&cmsprod",2025-12-05T14:47:30Z,,"The cease-fire in Gaza officially remains in force, but that has not brought an end to the killing. Almost every day Israel launches strikes on the besieged and devastated territory. In some instance… [+317 chars]",,en,'Gaza'
56,https://road.cc/content/news/israel-premier-tech-lost-out-political-reasons-says-ds-317181,0,road.cc,"“What did we have to do with it? We were a cycling team”: Israel-Premier Tech “lost out for political reasons”, claims sports director, after Palestine protests which painted riders and staff as “indecent”","“Finally, we’re out of the political turmoil and back to talking about cycling, which is what we wanted,” NSN Cycling DS Francesco Frassi said",https://cdn.road.cc/sites/default/files/styles/main_width/public/zw-106748.jpg,2025-12-05T14:51:53Z,,A sports director at the newly rebranded NSN Cycling team formerly Israel-Premier Tech has publicly voiced his frustration at the pro-Palestine protests which engulfed the second half of the 2025 sea… [+6679 chars],,en,'Israel'
57,https://www.israelnationalnews.com/flashes/671831,0,www.israelnationalnews.com,"IDF, IAF neutralize terrorist threat in northern Gaza","Earlier on Friday, IDF troops identified two terrorists who were carrying suspicious objects and approaching the troops operating in the northern Gaza Strip, posing an immediate threat to them, the IDF Spokesperson's Unit said.Following the identification, an…",https://2.a7.org/files/pictures/000/1075218.jpg,2025-12-05T15:20:12Z,,"Earlier on Friday, IDF troops identified two terrorists who were carrying suspicious objects and approaching the troops operating in the northern Gaza Strip, posing an immediate threat to them, the I… [+595 chars]",,en,'Gaza'
58,https://freerepublic.com/focus/f-bloggers/4356076/posts,0,freerepublic.com,The Accuser's Trilemma: A Simple Test that Destroys the Genocide Libel - and Others,"There is a way of proving - I mean logically, bulletproof proving - that Israel was not committing genocide in Gaza. And as I came up with that, I realized that the same method can also be used to either debunk or support most similar accusations of systemic,…",,2025-12-05T15:26:41Z,,"Skip to comments.
The Accuser's Trilemma: A Simple Test that Destroys the Genocide Libel - and Othershttps://elderofziyon.blogspot.com/2025/12/the-accusers-trilemma-simple-test-that.html ^
 | 12.4.… [+11458 chars]",,en,'Israel'
59,https://www.the-independent.com/arts-entertainment/eurovision/eurovision-2026-israel-boycott-uk-entry-bbc-b2878901.html,0,www.the-independent.com,"As Israel is cleared to compete, Eurovision’s future hangs in the balance","The European Broadcasting Union will allow Israel to compete at next year’s contest, a decision that has prompted four countries to boycott the event. Roisin O’Connor asks whether Eurovision can ever get back to the joyful celebration it once was","https://static.the-independent.com/2025/12/05/14/36/GettyImages-2213955934.jpg?trim=0,0,0,0&width=1200&height=800&crop=1200:800",2025-12-05T15:44:51Z,,"Your support helps us to tell the story
From reproductive rights to climate change to Big Tech, The Independent is on the ground when the story is developing. Whether it's investigating the financia… [+6638 chars]",,en,'Gaza'
60,https://www.longwarjournal.org/archives/2025/12/israel-syria-tensions-continue-after-israeli-raid-as-white-house-urges-dialogue.php,0,www.longwarjournal.org,Israel-Syria tensions continue after Israeli raid as White House urges ‘dialogue’,"Tensions between Israel and Syria have continued in the wake of an Israeli raid in southern Syria on November 27. On December 4, Syria accused Israel of a new incursion into the Yarmouk Basin near the Golan. US President Donald Trump has called for a dialogue…",https://www.longwarjournal.org/wp-content/uploads/2025/12/rafi-milo-800.jpg,2025-12-05T16:22:47Z,,"Israel Defense Forces Major General Rafi Milo (left) visited the Golan on November 30 and met with Israeli troops. (IDF)
Tensions between Israel and Syria have continued in the wake of a November 27… [+4001 chars]",,en,'Israel'
61,https://electronicintifada.net/blogs/nora-barrows-friedman/israeli-massacres-persist-harsh-winter-arrives-gaza,0,electronicintifada.net,Israeli massacres persist as harsh winter arrives in Gaza,UN report finds torture “de facto” Israeli state policy.,https://electronicintifada.net/sites/default/files/styles/medium/public/pictures/picture-32-1327942070.jpg?itok=MCIOX4jq,2025-12-05T16:34:17Z,http://web.archive.org/web/20251206150514/https://electronicintifada.net/blogs/nora-barrows-friedman/israeli-massacres-persist-harsh-winter-arrives-gaza,"Nora Barrows-FriedmanRights and Accountability5 December 2025
Relatives of journalist Mahmoud Wadi, who was targeted and killed in an Israeli drone strike, mourned over his body at Nasser Medical Co… [+18611 chars]",,en,'Gaza'
62,https://www.independent.ie/irish-news/i-hope-we-are-not-gone-forever-former-winner-charlie-mcgettigan-says-rte-right-to-leave-eurovision-over-israel-inclusion/a1661141109.html,0,www.independent.ie,‘I hope we are not gone forever’ – former winner Charlie McGettigan says RTÉ right to leave Eurovision over Israel inclusion,"Eurovision winner Charlie McGettigan has commended RTÉ for boycotting the contest, over Israel's involvement.",https://focus.independent.ie/thumbor/FUvXNs1jfUVyDlctUO4lptvLvcw=/60x0:735x450/629x0/prod-mh-ireland/d16ac8ab-22b7-4767-80d1-662550feea98/18cc5952-dac6-4369-a03e-97522e1fd4e8/video/video.jpg,2025-12-05T16:45:00Z,,"Ireland pulls out of Eurovision over Israel inclusion as BBC defends support and Iceland to decide next weekIreland should take a year off [from Eurovision] return stronger, and hopefully be in the t… [+11766 chars]",,en,'Israel'
63,https://www.independent.ie/irish-news/former-winner-charlie-mcgettigan-says-rte-right-to-leave-eurovision-over-israel-inclusion-as-sweden-issues-decision/a1661141109.html,0,www.independent.ie,Former winner Charlie McGettigan says RTÉ right to leave Eurovision over Israel inclusion as Sweden issues decision,Sweden's national broadcaster STV has confirmed it will take part in the 2026 Eurovision Song Contest despite speculation it may pull out over Israel's confirmed participation.,https://focus.independent.ie/thumbor/FUvXNs1jfUVyDlctUO4lptvLvcw=/60x0:735x450/629x0/prod-mh-ireland/d16ac8ab-22b7-4767-80d1-662550feea98/18cc5952-dac6-4369-a03e-97522e1fd4e8/video/video.jpg,2025-12-05T16:45:00Z,,"Ireland pulls out of Eurovision over Israel inclusion as BBC defends support and Iceland to decide next weekIreland should take a year off [from Eurovision] return stronger, and hopefully be in the t… [+13590 chars]",,en,'Sweden'
64,https://www.aljazeera.com/video/newsfeed/2025/12/5/israel-awaits-return-of-final-captive-from-gaza-amid-fragile-peace-deal,0,www.aljazeera.com,Israel awaits return of final captive from Gaza amid fragile peace deal,Ran Gvili is now the last captive in Gaza after Hamas returned the body of Thai agriculture worker Sudthisak Rinthalak.,https://www.aljazeera.com/wp-content/uploads/2025/12/image-1764953949.jpg?resize=1619%2C1080&quality=80,2025-12-05T16:59:28Z,http://web.archive.org/web/20251206165029/https://www.aljazeera.com/video/newsfeed/2025/12/5/israel-awaits-return-of-final-captive-from-gaza-amid-fragile-peace-deal,"NewsFeed
Israeli police officer Ran Gvili is now the last remaining captive in Gaza after Hamas returned the body of Thai agriculture worker Sudthisak Rinthalak. Gvilis remains would complete a key … [+58 chars]",,en,'Gaza'
65,https://reason.com/volokh/2025/12/05/how-israeli-lawyers-vet-bombing-targets/,0,reason.com,How Israeli Lawyers Vet Bombing Targets,"This past week, I was in Israel with a group of lawyers from the US, Canada, Bulgaria, and Latvia on…
The post How Israeli Lawyers Vet Bombing Targets appeared first on Reason.com.",https://d2eehagpk5cl65.cloudfront.net/img/q60/uploads/2025/12/takt.jpg,2025-12-05T16:59:55Z,,"This past week, I was in Israel with a group of lawyers from the US, Canada, Bulgaria, and Latvia on a trip sponsored by the nonpartisan Center for Jewish Impact. CJI's general goal is to serve as a … [+3913 chars]",,en,'Israel'
https://www.holidaypirates.com/packages/atrium-fashion-hotel-budapest-hungary,https://www.holidaypirates.com/packages/atrium-fashion-hotel-budapest-hungary,0,www.holidaypirates.com,4⭐️ Budapest getaway with ✈️ & breakfast UNDER £80 ,"Mateys, Wowcher are offering up yet another BARGAIN getaway, this time to stunning Budapest. Prices start from £79 (plus an admin fee), and there is a choice of dates in January through to March. There are many more dates available, too.This deal includes you…",https://image.urlaubspiraten.de/720/image/upload/v1712317942/mediavault_images/shutterstock_275542178_r9ogqw.jpg,2025-12-05T17:03:33Z,,"We might be pirates, but were an honest bunch. We check all our deals when we review them to make sure everything is available. However, with deals this hot, things change quicklyflight prices fluctu… [+461 chars]",,en,'Budapest'
66,https://mondoweiss.net/2025/12/groundbreaking-nyt-op-ed-lays-bare-the-democrats-internal-battle-over-israel/,0,mondoweiss.net,Groundbreaking ‘NYT’ Op-Ed lays bare the Democrats’ internal battle over Israel,"As Hillary Clinton and Sarah Hurwitz blame the rising support for Palestine within the Democratic Party on social media, former Obama staffer Ben Rhodes makes clear why Democrats are turning on Israel and what this means for the party moving forward.",https://mondoweiss.net/wp-content/uploads/2025/12/P080714PS-0766_15215887459-scaled.jpg,2025-12-05T17:08:47Z,,"In yet another sign of the shifting consensus on Israel among Democrats, Ben Rhodes, the former Deputy National Security Advisor and speechwriter for Barack Obama, published a groundbreaking Op-Ed in… [+10464 chars]",,en,'Israel'
67,https://www.bostonherald.com/2025/12/05/eurovision-walkouts-explained/,0,www.bostonherald.com,What to know about the Eurovision Song Contest as Israel’s participation sparks walkouts,Organizers refused to expel Israel over its actions in Gaza.,https://www.bostonherald.com/wp-content/uploads/2025/12/Eurovision_Israel_54503_c6d516-1.jpg?w=1024&h=682,2025-12-05T17:10:03Z,,"By JILL LAWLESS and JAMEY KEATEN, Associated Press
LONDON (AP) The Eurovision Song Contest, which aims to be an upbeat celebration of music and unity, is facing the biggest crisis in its seven-decad… [+6045 chars]",,en,'Gaza'
68,https://dailycaller.com/2025/12/05/only-one-deceased-hostage-remains-in-gaza-after-hamas-returns-another-dead-body/,0,dailycaller.com,Only One Deceased Hostage Remains In Gaza After Hamas Returns Another Dead Body,"Only one hostage body is left in Gaza after Thai officials confirmed the identity of a dead hostage body released by Hamas, the Associated Press reported Friday.","https://images.dailycaller.com/image/width=1280,height=549,fit=cover,format=webp,f=auto/https://cdn01.dailycaller.com/wp-content/uploads/2025/12/GettyImages-2248955388-scaled-e1764947480684.jpg",2025-12-05T17:20:04Z,,"Only one hostage’s remains are still in Gaza after Israeli authorities said Thai officials confirmed the identity of another body recently turned over by Hamas.
The deceased hostage, Sudthisak Rinth… [+2766 chars]",,en,'Gaza'
69,https://www.mediaite.com/media/news/foxs-trey-yingst-makes-fiery-call-for-independent-access-to-gaza-as-he-accepts-excellence-prize-at-foreign-press-awards/,0,www.mediaite.com,Fox’s Trey Yingst Makes Fiery Call for Independent Access to Gaza as He Accepts Excellence Prize at Foreign Press Awards,"Fox News' chief foreign correspondent Trey Yingst demanded fair access to Gaza in a fiery speech as he was awarded the Prize of Excellence at the annual Foreign Press Awards on Thursday night.
The post Fox’s Trey Yingst Makes Fiery Call for Independent Access…",https://www.mediaite.com/wp-content/uploads/2025/12/Yingst3.jpg,2025-12-05T17:23:24Z,,"Fox News’ chief foreign correspondent Trey Yingst demanded fair access to Gaza in a passionate speech as he was awarded the Prize of Excellence at the annual Foreign Press Awards on Thursday night.
… [+4412 chars]",,en,'Gaza'
70,http://foreignpolicy.com/2025/12/05/news-quiz-congo-outbreak-trump-pardon-honduras-president-israel-gaza-cease-fire/,0,foreignpolicy.com,What in the World?,"Test yourself on the week of Nov. 29: A disease outbreak ends in Congo, Trump pardons a former Honduran president, and the latest from Israel-Palestine.",https://foreignpolicy.com/wp-content/uploads/2025/12/Japan-Princess-Aiko-GettyImages-2191509748.jpg?w=1000,2025-12-05T17:36:57Z,,"1. The Democratic Republic of the Congo on Monday announced the end of an outbreak of which disease, after no new confirmed cases had been reported in more than 40 days?
Cholera
Ebola
Malaria
Tub… [+4028 chars]",,en,'Israel'
71,https://whdh.com/news/fifa-gives-president-donald-trump-a-peace-prize-in-a-departure-from-its-traditional-focus-on-sport/,0,whdh.com,FIFA gives President Donald Trump a peace prize in a departure from its traditional focus on sport,"WASHINGTON (AP) — President Donald Trump was awarded the new FIFA peace prize on Friday at the 2026 World Cup draw — giving the soccer spectacle to<a class=""excerpt-read-more"" href=""https://whdh.com/news/fifa-gives-president-donald-trump-a-peace-prize-in-a-de…",https://whdh.com/wp-content/uploads/sites/3/2025/06/Trump-ceasefire.jpg?quality=60&strip=color,2025-12-05T17:45:35Z,,WASHINGTON (AP) President Donald Trump was awarded the new FIFA peace prize on Friday at the 2026 World Cup draw giving the soccer spectacle to set matchups for the quadrennial tournament even more o… [+1999 chars],,en,'Washington'
https://variety.com/2025/film/news/ondi-timoner-altadena-fire-documentary-1236601850/,https://variety.com/2025/film/news/ondi-timoner-altadena-fire-documentary-1236601850/,0,variety.com,Ondi Timoner on How Her Altadena Fire Doc Aims to Help Heal and Stop Foreclosures,"Veteran documentary filmmaker Ondi Timoner and her wife, Morgan Doctor, were working on a film in Budapest when they got a phone call informing them their home in the Los Angeles neighborhood of Altadena had burned to the ground in the Eaton Fire. It was Jan.…",https://variety.com/wp-content/uploads/2025/12/Ondi-and-Juki-hug-Eli-Timoner.jpeg?w=1000&h=563&crop=1,2025-12-06T01:03:57Z,,"Veteran documentary filmmaker Ondi Timoner and her wife, Morgan Doctor, were working on a film in Budapest when they got a phone call informing them their home in the Los Angeles neighborhood of Alta… [+3879 chars]",,en,'Budapest'
https://balloon-juice.com/2025/12/05/war-for-ukraine-day-1380-all-of-ukraine-was-under-alert-for-russian-missile-strikes-earlier-this-evening/,https://balloon-juice.com/2025/12/05/war-for-ukraine-day-1380-all-of-ukraine-was-under-alert-for-russian-missile-strikes-earlier-this-evening/,0,balloon-juice.com,"War for Ukraine Day 1,380: All of Ukraine Was Under Alert for Russian Missile Strikes Earlier This Evening","(Image by NEIVANMADE) At 3:00 AM local time in Ukraine/8:00 PM EST, all of Ukraine is under air raid warning for potential Russian missile attack. That alert has been lifted.  ATTENTION All of Ukraine – missile danger! A takeoff of the MiG-31K has been record…",https://balloon-juice.com/wp-content/uploads/2020/01/Silverman_On_Security.jpg,2025-12-06T03:08:48Z,,"(Image by NEIVANMADE)
At 3:00 AM local time in Ukraine/8:00 PM EST, all of Ukraine is under air raid warning for potential Russian missile attack. That alert has been lifted.
 ATTENTIONAll of Ukrai… [+39144 chars]",,en,'Budapest'
https://www.rte.ie/news/2025/1206/1547544-russia-ukraine/,https://www.rte.ie/news/2025/1206/1547544-russia-ukraine/,0,www.rte.ie,No compromise - Russia sticks to its demands over Ukraine,Talks earlier week between US envoys and Russian President Vladimir Putin did not lead to a breakthrough to end the war in Ukraine. Moscow's hardline demands remain an obstacle to peace,https://www.rte.ie/images/0023960d-1600.jpg,2025-12-06T07:00:01Z,,"For the sixth time this year, US President Donald Trump sent his special envoy Steve Witkoff to Russia this week.
And just like before, he received cordial smiles from his Russian hosts but no compr… [+6174 chars]",,en,'Russia'
https://www.rt.com/news/629100-hungary-blocks-eu-debt-plan-kiev/,https://www.rt.com/news/629100-hungary-blocks-eu-debt-plan-kiev/,0,www.rt.com,Hungary blocks EU joint debt plan for Ukraine – Politico,"Hungary has blocked the issuance of Eurobonds to arm Ukraine, Politico reports Read Full Article at RT.com",https://mf.b37mrtl.ru/files/2025.12/article/6933df6785f54014ee597435.jpg,2025-12-06T08:55:33Z,,"Hungary has blocked the issuance of Eurobonds to arm Ukraine – one of two options put forward by the European Commission to fund Kiev’s war effort – Politico reports, citing sources.
After the escal… [+1991 chars]",,en,'Ukraine'
72,https://www.jpost.com/middle-east/article-879383,0,www.jpost.com,"Israel ‘fighting ghosts,’ Syrian president says, accuses Jerusalem of exploiting Oct. 7","Israel often brings its crises to other countries and tries to evade taking responsibility for the ""horrifying massacres it committed in Gaza,"" Sharaa told...",https://media.zenfs.com/en/jerusalem_post_articles_818/4310773aca811f858229f189e116b6a7,2025-12-06T14:08:10Z,,"Israel often brings its crises to other countries and tries to evade taking responsibility for the ""horrifying massacres it committed in Gaza,"" Sharaa told the crowds.
Syrian President Ahmed al-Shar… [+4586 chars]",,en,'Israel'
73,https://consent.yahoo.com/v2/collectConsent?sessionId=1_cc-session_d3d80b9e-c3e1-4821-8088-1ffb2cd75364,0,consent.yahoo.com,Syria's leader says Israel is fighting 'ghosts' after the Gaza war,,,2025-12-06T14:14:20Z,,"If you click 'Accept all', we and our partners, including 240 who are part of the IAB Transparency &amp; Consent Framework, will also store and/or access information on a device (in other words, use … [+714 chars]",,en,'Gaza'
https://www.politico.eu/article/ursula-von-der-leyen-friedrich-merz-talks-belgium-over-russian-assets-were-constructive/,https://www.politico.eu/article/ursula-von-der-leyen-friedrich-merz-talks-belgium-over-russian-assets-were-constructive/,0,www.politico.eu,"Von der Leyen, Merz: Talks with Belgium over Russian assets were ‘constructive’",Yet the Belgian leader gave no indication he will relent on his opposition to use the frozen funds.,"https://www.politico.eu/cdn-cgi/image/width=1200,height=630,fit=crop,quality=80,onerror=redirect/wp-content/uploads/2025/12/06/GettyImages-2249215312-scaled.jpg",2025-12-06T15:19:40Z,,Merz echoed the sentiment in German media. “Belgium’s particular concern about the question of how to make use of frozen Russian assets is undeniable and must be addressed in any conceivable solution… [+1013 chars],,en,'Belgium'
74,https://www.jpost.com/israel-news/article-879389,0,www.jpost.com,"Hamas, PIJ know where to reach slain hostage Ran Gvili, Israel tells mediators","The Coordinator for Hostages and Missing Persons Gal Hirsch left for Cairo for talks on Gvili's return, as well as advancement to the second phase of the...",https://media.zenfs.com/en/jerusalem_post_articles_818/3dfd8052ed164eb2d8a2ab6d41f6e7f9,2025-12-06T16:24:10Z,,"The Coordinator for Hostages and Missing Persons Gal Hirsch left for Cairo for talks on Gvili's return, as well as advancement to the second phase of the hostage and ceasefire deal.
Hamas and the Pa… [+1800 chars]",,en,'Cairo'
